{"count":1,"gauges":{"Run21Solver.CumulativeReward":{"count":113203,"max":1.017,"min":-1,"value":-1,"weightedAverage":-0.922417045}},"self":919.1922688,"total":6317.6536206,"children":{"AgentSendState":{"count":170234,"self":72.7766528,"total":1567.600502,"children":{"CollectObservations":{"count":1021404,"self":36.4160384,"total":36.4160372,"children":null},"AgentInfo.ToProto":{"count":1021404,"self":48.5157248,"total":1458.40781,"children":{"GenerateSensorData":{"count":1021404,"self":1409.8920448,"total":1409.8920848,"children":null}}}}},"DecideAction":{"count":170234,"self":3265.975296,"total":3265.9753917,"children":null},"AgentAct":{"count":170234,"self":554.8924416,"total":564.88250169999992,"children":{"AgentInfo.ToProto":{"count":113203,"self":5.429834,"total":9.9900471,"children":{"GenerateSensorData":{"count":113203,"self":4.5602132,"total":4.5602132,"children":null}}}}}}}