{"count":1,"gauges":{"PushBlock.CumulativeReward":{"count":150,"max":4.9956,"min":4.9456,"value":4.9866,"weightedAverage":4.986964}},"self":8.1620432,"total":10.5559496,"children":{"AgentSendState":{"count":420,"self":0.09992659999999999,"total":0.1249141,"children":{"CollectObservations":{"count":2688,"self":0.0249875,"total":0.0249875,"children":null}}},"DecideAction":{"count":420,"self":1.8373191999999998,"total":2.2170199999999998,"children":{"RayPerceptionSensor.Perceive":{"count":5208,"self":0.3797009,"total":0.3797009,"children":null}}},"AgentAct":{"count":420,"self":0.0499734,"total":0.0499734,"children":null}}}