{"count":1,"gauges":{"Pyramids.CumulativeReward":{"count":12,"max":1.93840015,"min":1.80099773,"value":1.80099773,"weightedAverage":1.840491}},"self":17.7503472,"total":26.6348099,"children":{"AgentSendState":{"count":1072,"self":0.1718488,"total":0.2567539,"children":{"CollectObservations":{"count":3440,"self":0.0849051,"total":0.0849051,"children":null}}},"DecideAction":{"count":1072,"self":1.8151945999999999,"total":8.5247574,"children":{"RayPerceptionSensor.Perceive":{"count":9675,"self":6.7095628,"total":6.7095628,"children":null}}},"AgentAct":{"count":1072,"self":0.1009537,"total":0.1009537,"children":null}}}