{"count":1,"gauges":{"Run21Solver.CumulativeReward":{"count":3,"max":0.93,"min":0.874,"value":0.874,"weightedAverage":0.896875}},"self":95.4975104,"total":95.9726627,"children":{"AgentSendState":{"count":47,"self":0.0069932,"total":0.0079919,"children":{"CollectObservations":{"count":47,"self":0.0009987,"total":0.0009987,"children":null}}},"DecideAction":{"count":47,"self":0.4451822,"total":0.4451822,"children":null},"AgentAct":{"count":47,"self":0.018982199999999998,"total":0.018982199999999998,"children":null}}}