{"count":1,"gauges":{"Run21Solver.CumulativeReward":{"count":79636,"max":1.43899989,"min":-1,"value":-1,"weightedAverage":-0.5347497}},"self":484.10741759999996,"total":16432.8459972,"children":{"AgentSendState":{"count":158017,"self":59.0510464,"total":1173.6649579,"children":{"CollectObservations":{"count":948102,"self":31.0524992,"total":31.0525007,"children":null},"AgentInfo.ToProto":{"count":948102,"self":39.5089312,"total":1083.5614103999999,"children":{"GenerateSensorData":{"count":948102,"self":1044.05248,"total":1044.052479,"children":null}}}}},"DecideAction":{"count":158017,"self":14370.0361216,"total":14370.036074799998,"children":null},"AgentAct":{"count":158017,"self":399.1926272,"total":405.0169755,"children":{"AgentInfo.ToProto":{"count":79636,"self":3.276842,"total":5.8243433,"children":{"GenerateSensorData":{"count":79636,"self":2.5475011999999997,"total":2.5475011999999997,"children":null}}}}}}}