{"count":1,"gauges":{},"self":9.9552903999999991,"total":9.9962311,"children":{"AgentSendState":{"count":437,"self":0.0109828,"total":0.011977999999999999,"children":{"CollectObservations":{"count":88,"self":0.0009952,"total":0.0009952,"children":null}}},"DecideAction":{"count":437,"self":0.0039958,"total":0.0039958,"children":null},"AgentAct":{"count":437,"self":0.0209715,"total":0.0209715,"children":null}}}